surface observations;Parameter description;cloud_cover_total;daily_mean_of_temperature_previous_day;depth_of_new_snow;dew_point_temperature_at_2_meter_above_ground;diffuse_solar_radiation_last_hour;direct_solar_radiation_last_24_hours;direct_solar_radiation_last_hour;dry_bulb_temperature_at_2_meter_above_ground;evaporation/evapotranspiration_last_24_hours;global_radiation_last_hour;global_radiation_past_24_hours;height_of_base_of_lowest_cloud_above_station;horizontal_visibility;maximum_of_10_minutes_mean_of_wind_speed_for_previous_day;maximum_of_temperature_for_previous_day;maximum_temperature_last_12_hours_2_meters_above_ground;maximum_wind_speed_as_10_minutes_mean_during_last_hour;maximum_wind_speed_during_last_6_hours;maximum_wind_speed_for_previous_day;maximum_wind_speed_last_hour;mean_wind_direction_during_last_10 min_at_10_meters_above_ground;mean_wind_speed_during last_10_min_at_10_meters_above_ground;minimum_of_temperature_at_5_cm_above_ground_for_previous_day;minimum_of_temperature_for_previous_day;minimum_temperature_last_12_hours_2_meters_above_ground;minimum_temperature_last_12_hours_5_cm_above_ground;past_weather_1;past_weather_2;precipitation_amount_last_24_hours;precipitation_amount_last_3_hours;precipitation_amount_last_6_hours;precipitation_amount_last_hour;precipitation_last_12_hours;present_weather;pressure_reduced_to_mean_sea_level;relative_humidity;sea/water_temperature;temperature_at_5_cm_above_ground;total_snow_depth;total_time_of_sunshine_during_last_hour;total_time_of_sunshine_past_day
10488;Unit;%;Grad C;cm;Grad C;W/m2;W/m2;W/m2;Grad C;mm;W/m2;W/m2;m;km;km/h;Grad C;Grad C;km/h;km/h;km/h;km/h;Grad;km/h;Grad C;Grad C;Grad C;Grad C;CODE_TABLE;CODE_TABLE;mm;mm;mm;mm;mm;CODE_TABLE;hPa;%;Grad C;Grad C;cm;min;h
Datum;Uhrzeit (UTC);Wolkenbedeckung;mittlere Temperatur (vergangener Tag, 2m);Neuschneehoehe;Taupunkttemperatur (2m);Diffuse Strahlung (letzte Stunde);Direkte Strahlung (vergangene 24 Stunden);Direkte Strahlung (letzte Stunde);Temperatur (2m);Evaporation (vergangene 24 Stunden);Globalstrahlung (letzte Stunde);Globalstrahlung (vergangene 24 Stunden);Wolkenuntergrenze;Sichtweite;Maximalwind (vergangener Tag);Maximumtemperatur (vergangener Tag, 2m);Maximumtemperatur (letzte 12 Stunden, 2m);Maximalwind (letzte Stunde);Windboen (letzte 6 Stunden);Windboen (vergangener Tag);Windboen (letzte Stunde);Windrichtung;Windgeschwindigkeit;Minimumtemperatur (vergangener Tag, 5cm);Minimumtemperatur (vergangener Tag, 2m);Minimumtemperatur (letzte 12 Stunden, 2m);Minimumtemperatur (letzte 12 Stunden, 5cm);vergangenes Wetter 1;vergangenes Wetter 2;Niederschlag (letzte 24 Stunden);Niederschlag (letzte 3 Stunden);Niederschlag (letzte 6 Stunden);Niederschlag (letzte Stunde);Niederschlag (letzte 12 Stunden);aktuelles Wetter;Druck (auf Meereshoehe);Relative Feuchte;Wassertemperatur;Temperatur (5cm);Schneehoehe;Sonnenscheindauer (letzte Stunde);Sonnenscheindauer (vergangener Tag)
07.09.26;20:00;0;---;---;10,7;0;---;---;19;---;0;---;---;52;---;---;---;23;---;---;27;160;21;---;---;---;---;---;---;---;---;---;0;---;1;1017,6;59;---;17,5;0;0;---
07.09.26;19:00;0;---;---;10,7;0;---;---;19,3;---;0;---;---;57,8;---;---;---;22;---;---;28;160;22;---;---;---;---;---;---;---;---;---;0;---;1;1017,9;58;---;17,9;0;0;---
07.09.26;18:00;75;---;---;10,9;13;---;---;19,8;---;21;---;3810;54,9;19;---;23;19;26;---;26;160;19;---;---;13,1;12,9;11;10;---;0;0;0;0;3;1018;56;---;18,3;0;20;---
07.09.26;17:00;0;---;---;10,7;66;---;---;20,9;---;144;---;---;61,9;---;---;---;19;---;---;26;160;19;---;---;---;---;---;---;---;---;---;0;---;1;1018,4;52;---;19,7;0;53;---
07.09.26;16:00;100;---;---;11,4;117;---;---;21,6;---;145;---;3360;54,2;---;---;---;19;---;---;25;140;14;---;---;---;---;---;---;---;---;---;0;---;4;1019;52;---;21,6;0;9;---
07.09.26;15:00;100;---;---;11,9;202;---;---;21,9;---;253;---;3650;55,5;---;---;---;17;---;---;24;140;14;---;---;---;---;11;10;---;0;---;0;---;4;1019,7;53;---;21,8;0;8;---
07.09.26;14:00;88;---;---;11,7;235;---;---;21,7;---;279;---;3490;56,6;---;---;---;17;---;---;24;140;17;---;---;---;---;---;---;---;---;---;0;---;4;1020,1;53;---;22,2;0;4;---
07.09.26;13:00;100;---;---;11;334;---;---;22;---;522;---;3610;56;---;---;---;16;---;---;23;150;11;---;---;---;---;---;---;---;---;---;0;---;4;1020,9;50;---;23,8;0;35;---
07.09.26;12:00;100;---;---;11,5;258;---;---;20,6;---;288;---;3510;53,8;17;---;---;17;30;---;24;150;15;---;---;---;---;---;---;---;0;0;0;---;4;1021,7;56;---;21,5;0;1;---
07.09.26;11:00;100;---;---;12,1;324;---;---;20,3;---;388;---;3630;44,6;---;---;---;15;---;---;20;160;15;---;---;---;---;---;---;---;---;---;0;---;4;1021,9;59;---;21,9;0;8;---
07.09.26;10:00;100;---;---;11,4;201;---;---;17,7;---;225;---;3330;58;---;---;---;12;---;---;15;160;9;---;---;---;---;---;---;---;---;---;0;---;4;1023;67;---;19,4;0;1;---
07.09.26;09:00;100;---;---;9,8;193;---;---;16,5;---;210;---;4060;74,3;---;---;---;15;---;---;19;150;12;---;---;10,7;8,9;---;---;---;0;---;0;---;4;1023,4;65;---;17,4;0;0;---
07.09.26;08:00;100;---;---;10,2;149;---;---;15,4;---;163;---;3970;48,2;---;---;---;15;---;---;30;160;15;---;---;---;---;---;---;---;---;---;0;---;4;1023,4;71;---;16;0;0;---
07.09.26;07:00;100;---;---;9,2;106;---;---;14,1;---;117;---;4310;75;---;---;---;15;---;---;18;160;12;---;---;---;---;---;---;---;---;---;0;---;4;1023,8;72;---;14,5;0;0;---
07.09.26;06:00;100;14,9;---;8,4;48;---;---;13,4;---;58;---;4680;75;19;19;16,7;16;24;31;20;150;14;8,9;10,7;10,7;8,9;---;---;0;0;0;0;0;4;1024;72;---;12,9;0;17;10,2
07.09.26;05:00;100;---;---;8;6;---;---;11,3;---;8;---;4280;45,1;---;---;---;18;---;---;22;170;12;---;---;---;---;---;---;---;---;---;0;---;4;1024,2;80;---;10,7;0;3;---
07.09.26;04:00;100;---;---;7,5;0;---;---;12,9;---;0;---;5100;59,3;---;---;---;19;---;---;23;140;17;---;---;---;---;---;---;---;---;---;0;---;4;1024;70;---;11,7;0;0;---
07.09.26;03:00;100;---;---;7,8;0;---;---;12,2;---;0;---;4900;62,6;---;---;---;18;---;---;24;150;13;---;---;---;---;---;---;---;0;---;0;---;4;1024,5;74;---;11;0;0;---
07.09.26;02:00;100;---;---;7,8;0;---;---;12,3;---;0;---;6460;61,2;---;---;---;18;---;---;21;140;15;---;---;---;---;---;---;---;---;---;0;---;4;1024,7;74;---;10,8;0;0;---
07.09.26;01:00;100;---;---;7,7;0;---;---;11;---;0;---;7400;62,1;---;---;---;14;---;---;17;140;11;---;---;---;---;---;---;---;---;---;0;---;4;1025,4;80;---;9,6;0;0;---
07.09.26;00:00;100;---;---;7,8;0;---;---;12;---;0;28;10590;51,7;14;---;---;14;17;---;17;140;13;---;---;---;---;---;---;---;0;0;0;---;4;1025,9;75;---;10,5;0;0;---
06.09.26;23:00;88;---;---;8,2;0;---;---;11,3;---;0;---;7290;43,8;---;---;---;12;---;---;14;160;11;---;---;---;---;---;---;---;---;---;0;---;4;1026,5;81;---;9,6;0;0;---
06.09.26;22:00;88;---;---;8,2;0;---;---;12,2;---;0;---;5720;50,5;---;---;---;13;---;---;17;150;11;---;---;---;---;---;---;---;---;---;0;---;4;1026,5;77;---;10,1;0;0;---
06.09.26;21:00;100;---;---;8,3;0;---;---;12,7;---;0;---;6570;52;---;---;---;13;---;---;15;170;12;---;---;---;---;---;---;---;0;---;0;---;4;1026,8;75;---;10,9;0;0;---
06.09.26;20:00;88;---;---;8,4;0;---;---;14,8;---;0;---;10420;56,5;---;---;---;8;---;---;9;120;8;---;---;---;---;---;---;---;---;---;0;---;4;1026,7;66;---;10,2;0;0;---
