station_abbr;reference_timestamp;tre200s0;tre005s0;tresurs0;xchills0;ure200s0;tde200s0;pva200s0;prestas0;pp0qnhs0;pp0qffs0;ppz850s0;ppz700s0;fkl010z1;fve010z0;fkl010z0;dkl010z0;wcc006s0;fu3010z0;fkl010z3;fu3010z1;fu3010z3;rre150z0;htoauts0;gre000z0;ods000z0;oli000z0;olo000z0;osr000z0;sre000z0;tso005s0;tso010s0;tso020s0
ABO;07.09.2026 00:00;18.8;12.8;12.1;18.8;44.3;6.4;9.6;877.4;1028.7;;1597.6;;1.2;0.7;0.7;323;0;2.5;1.2;4.3;4.3;0;0;2;1;;;;0;;;
ABO;07.09.2026 00:10;18.5;13.4;12.7;18.5;45.2;6.4;9.6;877.4;1028.7;;1597.3;;1.6;1;1.1;298;0;4;1.6;5.8;5.8;0;0;3;1;;;;0;;;
ABO;07.09.2026 00:20;18.2;13.4;12.7;18.2;46.4;6.5;9.7;877.3;1028.6;;1596;;1.5;0.9;1;274;0;3.6;1.5;5.4;5.4;0;0;2;1;;;;0;;;
ABO;07.09.2026 00:30;18.8;13.1;12.4;18.8;43.9;6.3;9.5;877.3;1028.6;;1596.6;;1.6;0.8;0.9;272;0;3.2;1.5;5.8;5.4;0;0;2;1;;;;0;;;
ABO;07.09.2026 00:40;18.3;13;12.2;18.3;46;6.5;9.7;877.3;1028.6;;1596.1;;1;0.2;0.5;205;0;1.8;1;3.6;3.6;0;0;2;1;;;;0;;;
ABO;07.09.2026 00:50;18.1;12.8;12.1;18.1;45.9;6.3;9.5;877.2;1028.5;;1595;;1.4;0.8;1;326;0;3.6;1.3;5;4.7;0;0;5;4;;;;0;;;
ABO;07.09.2026 01:00;17.2;12.5;11.8;17.2;50;6.7;9.8;877.1;1028.4;;1593.1;;1.4;0.7;0.7;272;0;2.5;1.3;5;4.7;0;0;3;2;;;;0;;;
ABO;07.09.2026 01:10;17.6;12.6;11.8;17.6;49;6.8;9.9;877.1;1028.4;;1593.5;;1.5;0.5;0.6;330;0;2.2;1.4;5.4;5;0;0;2;1;;;;0;;;
ABO;07.09.2026 01:20;18.4;12.7;12;18.4;45.7;6.5;9.7;877;1028.3;;1593.3;;1.7;0.9;0.9;298;0;3.2;1.7;6.1;6.1;0;0;2;1;;;;0;;;
ABO;07.09.2026 01:30;19;12.6;11.8;19;43.3;6.2;9.5;876.9;1028.2;;1592.9;;1.4;0.7;0.7;283;0;2.5;1.4;5;5;0;0;2;1;;;;0;;;
ABO;07.09.2026 01:40;18.1;12.8;12;18.1;45.8;6.2;9.5;876.8;1028.1;;1591.1;;1.4;0.7;0.8;305;0;2.9;1.4;5;5;0;0;2;1;;;;0;;;
ABO;07.09.2026 01:50;17.7;12.3;11.6;17.7;48.1;6.6;9.7;876.7;1027.9;;1589.7;;1.5;0.8;0.9;274;0;3.2;1.4;5.4;5;0;0;3;1;;;;0;;;
ABO;07.09.2026 02:00;17.2;12.3;11.5;17.2;50.1;6.7;9.8;876.7;1027.9;;1589.3;;1.2;0.6;0.7;247;0;2.5;1.1;4.3;4;0;0;3;2;;;;0;;;
ABO;07.09.2026 02:10;17.2;12.1;11.4;17.2;49.8;6.6;9.8;876.7;1027.9;;1589.3;;1.1;0.3;0.4;226;0;1.4;1;4;3.6;0;0;3;2;;;;0;;;
ABO;07.09.2026 02:20;18.1;12.4;11.7;18.1;46.5;6.5;9.7;876.7;1027.9;;1590.1;;1.1;0.4;0.6;319;0;2.2;1;4;3.6;0;0;4;3;;;;0;;;
ABO;07.09.2026 02:30;18.4;12.4;11.7;18.4;45.6;6.5;9.6;876.7;1027.9;;1590.4;;1.2;0.5;0.6;324;0;2.2;1.1;4.3;4;0;0;2;1;;;;0;;;
ABO;07.09.2026 02:40;18.5;12.3;11.5;18.5;44.8;6.3;9.5;876.7;1027.9;;1590.5;;1.3;0.6;0.6;302;0;2.2;1.3;4.7;4.7;0;0;2;1;;;;0;;;
ABO;07.09.2026 02:50;18.5;12.4;11.6;18.5;45.1;6.4;9.6;876.7;1027.9;;1590.5;;1.3;0.5;0.7;330;0;2.5;1.3;4.7;4.7;0;0;3;1;;;;0;;;
ABO;07.09.2026 03:00;18.2;12.2;11.5;18.2;46.6;6.6;9.7;876.6;1027.8;;1589.2;;1.2;0.4;0.5;309;0;1.8;1.2;4.3;4.3;0;0;3;2;;;;0;;;
ABO;07.09.2026 03:10;17.9;12.7;12;17.9;47.4;6.6;9.7;876.6;1027.8;;1589;;1.4;0.6;0.8;2;0;2.9;1.3;5;4.7;0;0;2;1;;;;0;;;
ABO;07.09.2026 03:20;18.3;12.6;11.8;18.3;45.5;6.3;9.6;876.6;1027.8;;1589.3;;4.7;1.8;1.9;39;0;6.8;4.6;16.9;16.6;0;0;3;2;;;;0;;;
ABO;07.09.2026 03:30;17.6;13.4;12.6;17.6;48.2;6.5;9.7;876.8;1028.1;;1590.6;;2.8;1.6;1.7;53;0;6.1;2.7;10.1;9.7;0;0;4;2;;;;0;;;
ABO;07.09.2026 03:40;17.3;14.2;13.6;17.3;51.3;7.2;10.1;877.3;1028.6;;1595.2;;9;2.9;3.1;49;0;11.2;8.3;32.4;29.9;0;0;6;5;;;;0;;;
ABO;07.09.2026 03:50;16.2;15.1;14.7;16.2;59.8;8.4;11;877.8;1029.2;;1598.9;;9;3.8;4.1;42;0;14.8;8.3;32.4;29.9;0;0;3;2;;;;0;;;
ABO;07.09.2026 04:00;16.5;15.3;15;16.5;62;9.2;11.6;878.4;1029.9;;1605;;8.3;2.7;3.4;59;0;12.2;8.2;29.9;29.5;0;0;4;3;;;;0;;;
ABO;07.09.2026 04:10;16.7;14.9;14.6;16.7;62.2;9.4;11.8;879.2;1030.8;;1612.9;;3.8;2;2.3;224;0;8.3;3.6;13.7;13;0;0;5;4;;;;0;;;
ABO;07.09.2026 04:20;16.7;14.8;14.5;16.7;64.9;10.1;12.3;879.3;1030.9;;1613.9;;1.9;1.1;1.2;209;0;4.3;1.8;6.8;6.5;0;0;3;2;;;;0;;;
ABO;07.09.2026 04:30;16.9;14.3;14.2;16.9;63.6;10;12.2;879.4;1031;;1615;;2.3;1.3;1.5;222;0;5.4;2.3;8.3;8.3;0;0;2;1;;;;0;;;
ABO;07.09.2026 04:40;16;13.8;13.7;16;76.2;11.8;13.8;879.7;1031.4;;1617;;6.6;3;3.1;242;0;11.2;6.5;23.8;23.4;0.1;0;8;6;;;;0;;;
ABO;07.09.2026 04:50;15.7;13.8;13.8;15.7;81.4;12.5;14.5;879.2;1030.8;;1611.9;;3.3;1.9;2;257;0;7.2;3.2;11.9;11.5;0.1;0;4;3;;;;0;;;
ABO;07.09.2026 05:00;16.1;13.6;13.6;16.1;78.4;12.3;14.3;878.9;1030.4;;1609.4;;5.7;2.2;2.5;280;0;9;5.5;20.5;19.8;0;0;4;3;;;;0;;;
ABO;07.09.2026 05:10;15.2;13.5;13.5;15.2;83.2;12.4;14.4;878.7;1030.2;;1606.5;;5.7;0.5;2.4;320;0;8.6;5.7;20.5;20.5;0;0;3;1;;;;0;;;
ABO;07.09.2026 05:20;15.8;13.4;13.4;15.8;78.8;12.1;14.1;878.8;1030.3;;1608.1;;4;2.1;2.3;1;0;8.3;3.9;14.4;14;0;0;7;6;;;;0;;;
ABO;07.09.2026 05:30;15.8;13.5;13.5;15.8;79.7;12.3;14.3;878.7;1030.2;;1607.2;;3.9;2.2;2.4;315;0;8.6;3.7;14;13.3;0;0;9;7;;;;0;;;
ABO;07.09.2026 05:40;15.4;13.6;13.6;15.4;83.1;12.5;14.5;878.7;1030.2;;1606.8;;2.1;1.2;1.2;296;0;4.3;2;7.6;7.2;0;0;16;15;;;;0;;;
ABO;07.09.2026 05:50;15.6;13.6;13.6;15.6;80.2;12.2;14.2;878.5;1030;;1605;;2.4;0.5;0.9;191;0;3.2;2.3;8.6;8.3;0;0;26;25;;;;0;;;
ABO;07.09.2026 06:00;15.9;13.7;13.7;15.9;77.4;12;14;878.4;1029.9;;1604.4;;2.2;0.9;1.2;298;0;4.3;2;7.9;7.2;0;0;29;28;;;;0;;;
ABO;07.09.2026 06:10;16.1;13.7;13.8;16.1;76.2;11.9;13.9;878.4;1029.9;;1604.6;;2.6;1.6;1.6;233;0;5.8;2.5;9.4;9;0;0;32;31;;;;0;;;
ABO;07.09.2026 06:20;15.5;13.8;13.9;15.5;82.8;12.6;14.6;878.4;1029.9;;1604;;2;0.5;0.8;242;0;2.9;1.9;7.2;6.8;0;0;49;47;;;;0;;;
ABO;07.09.2026 06:30;15.6;14.3;14.4;15.6;83.1;12.7;14.7;878.3;1029.8;;1603.1;;1;0.2;0.5;21;0;1.8;1;3.6;3.6;0;0;83;80;;;;0;;;
ABO;07.09.2026 06:40;15.6;14.6;14.9;15.6;83.8;12.9;14.8;878.3;1029.8;;1603.1;;2.1;0.6;0.7;168;0;2.5;1.9;7.6;6.8;0;0;123;114;;;;0;;;
ABO;07.09.2026 06:50;16.3;14.6;14.8;16.3;79.9;12.8;14.8;878.2;1029.6;;1602.9;;1.5;0.6;0.8;266;0;2.9;1.5;5.4;5.4;0;0;74;64;;;;0;;;
ABO;07.09.2026 07:00;16;14.1;14.2;16;79.2;12.4;14.4;878.2;1029.6;;1602.6;;1.8;0.6;0.8;235;0;2.9;1.7;6.5;6.1;0;0;55;51;;;;0;;;
ABO;07.09.2026 07:10;17.4;16;16.6;17.4;74;12.7;14.7;878.1;1029.5;;1603;;1.2;0.5;0.6;291;0;2.2;1.1;4.3;4;0;0;296;130;;;;8;;;
ABO;07.09.2026 07:20;17.6;17.2;18.3;17.6;73.4;12.8;14.8;878;1029.4;;1602.2;;2.3;0.3;0.9;200;0;3.2;2.3;8.3;8.3;0;0;218;146;;;;3;;;
ABO;07.09.2026 07:30;17.4;16;17;17.4;73;12.5;14.5;878;1029.4;;1602;;1.7;0.4;0.7;179;0;2.5;1.6;6.1;5.8;0;0;127;120;;;;0;;;
ABO;07.09.2026 07:40;17.9;16;16.9;17.9;71.7;12.7;14.7;878.1;1029.5;;1603.5;;2;0.5;1;293;0;3.6;2;7.2;7.2;0;0;111;107;;;;0;;;
ABO;07.09.2026 07:50;17.5;16.2;17;17.5;77.3;13.5;15.5;878.1;1029.5;;1603.1;;1.5;0;0.8;0;0;2.9;1.5;5.4;5.4;0;0;104;101;;;;0;;;
ABO;07.09.2026 08:00;17.7;16.4;17.3;17.7;73.7;12.9;14.9;878.2;1029.6;;1604.3;;2.1;0.6;1.1;176;0;4;2;7.6;7.2;0;0;115;109;;;;0;;;
ABO;07.09.2026 08:10;18;16.9;16.9;18;69.2;12.3;14.3;878.3;1029.8;;1605.5;;2.1;1.1;1.2;42;0;4.3;2;7.6;7.2;0;0;82;78;;;;0;;;
ABO;07.09.2026 08:20;17.6;16.6;16.8;17.6;77.3;13.6;15.5;878.2;1029.6;;1604.2;;2;0.7;0.9;309;0;3.2;1.9;7.2;6.8;0.1;0;111;106;;;;0;;;
ABO;07.09.2026 08:30;17.5;16.8;17.1;17.5;80.7;14.1;16.1;878.1;1029.5;;1603.1;;1.8;0.8;0.9;271;0;3.2;1.7;6.5;6.1;0;0;120;111;;;;0;;;
ABO;07.09.2026 08:40;17.7;17.4;17.7;17.7;81;14.4;16.4;878.1;1029.5;;1603.3;;1.6;0.9;0.9;211;0;3.2;1.6;5.8;5.8;0;0;156;145;;;;0;;;
ABO;07.09.2026 08:50;18.2;18.1;18.2;18.2;73;13.3;15.2;878;1029.4;;1602.8;;2.1;1.3;1.4;238;0;5;2.1;7.6;7.6;0;0;187;176;;;;0;;;
ABO;07.09.2026 09:00;18.8;19;19.3;18.8;70.6;13.3;15.3;877.9;1029.3;;1602.5;;1.8;0.4;0.6;259;0;2.2;1.8;6.5;6.5;0;0;353;182;;;;5;;;
ABO;07.09.2026 09:10;19.9;22;23.2;19.9;68.2;13.9;15.8;877.9;1029.3;;1603.6;;1.5;0.3;0.6;238;0;2.2;1.5;5.4;5.4;0;0;563;194;;;;10;;;
ABO;07.09.2026 09:20;21.3;24.5;26.1;21.3;60.3;13.3;15.3;877.8;1029.2;;1604;;3.1;0.7;1.1;170;0;4;3;11.2;10.8;0;0;696;224;;;;10;;;
ABO;07.09.2026 09:30;21.8;24.8;26.2;21.8;60.1;13.7;15.7;877.8;1029.2;;1604.5;;5.5;2.1;2.4;216;0;8.6;5.3;19.8;19.1;0;0;589;252;;;;10;;;
ABO;07.09.2026 09:40;23.6;26.3;27.5;23.6;51.2;12.9;14.9;877.8;1029.2;;1606.3;;4.9;1.4;1.7;202;0;6.1;4.7;17.6;16.9;0;0;695;246;;;;10;;;
ABO;07.09.2026 09:50;24.1;26.9;27.8;24.1;41.4;10.2;12.4;877.8;1029.2;;1606.8;;6.5;2.7;3;216;0;10.8;6.4;23.4;23;0;0;580;319;;;;6;;;
ABO;07.09.2026 10:00;23.9;26;26.5;23.9;41.5;10;12.3;877.8;1029.2;;1606.6;;4;2.2;2.4;203;0;8.6;3.9;14.4;14;0;0;471;322;;;;4;;;
ABO;07.09.2026 10:10;24.3;25.5;25.8;24.3;37.9;9;11.5;877.7;1029.1;;1606;;8.6;3.3;3.5;196;0;12.6;8.4;31;30.2;0;0;441;337;;;;1;;;
ABO;07.09.2026 10:20;24.5;25.4;25.6;24.5;33.2;7.3;10.2;877.7;1029.1;;1606.2;;10.6;5;5.4;193;2;19.4;10.5;38.2;37.8;0;0;546;335;;;;6;;;
ABO;07.09.2026 10:30;24.5;25.1;25.3;24.5;33.2;7.3;10.2;877.8;1029.2;;1607.2;;9.4;4.3;4.8;213;2;17.3;8.5;33.8;30.6;0;0;497;402;;;;0;;;
ABO;07.09.2026 10:40;24.4;25.5;25.6;24.4;34.9;7.9;10.7;877.7;1029.1;;1606.1;;11.6;4.7;5.1;209;2;18.4;11.4;41.8;41;0;0;528;414;;;;2;;;
ABO;07.09.2026 10:50;24.5;25.1;25.1;24.5;34.3;7.8;10.5;877.7;1029.1;;1606.2;;7.3;3.2;3.7;220;2;13.3;7.2;26.3;25.9;0;0;436;379;;;;0;;;
ABO;07.09.2026 11:00;24.3;24.9;24.9;24.3;33.9;7.4;10.3;877.7;1029.1;;1606;;9;4.7;4.9;211;2;17.6;8.8;32.4;31.7;0;0;417;359;;;;0;;;
ABO;07.09.2026 11:10;24.6;25;25.1;24.6;34.7;8;10.7;877.7;1029.1;;1606.3;;11.1;4.7;5.1;212;2;18.4;10.3;40;37.1;0;0;497;362;;;;3;;;
ABO;07.09.2026 11:20;25.2;27.1;27.4;25.2;35.5;8.9;11.4;877.6;1029;;1605.9;;7.4;3.3;3.8;188;2;13.7;7;26.6;25.2;0;0;728;415;;;;8;;;
ABO;07.09.2026 11:30;24.8;26.6;26.8;24.8;33.6;7.7;10.5;877.5;1028.9;;1604.6;;7;3.3;3.5;213;2;12.6;6.9;25.2;24.8;0;0;469;385;;;;0;;;
ABO;07.09.2026 11:40;24.5;25.2;25.3;24.5;36.7;8.7;11.3;877.5;1028.9;;1604.3;;7.4;3.9;4.1;224;0;14.8;6.8;26.6;24.5;0;0;394;342;;;;1;;;
ABO;07.09.2026 11:50;23.3;25.5;25.7;23.3;42.5;9.9;12.2;877.5;1028.9;;1603.1;;4.8;1.5;2.4;173;0;8.6;4.5;17.3;16.2;0;0;423;334;;;;2;;;
ABO;07.09.2026 12:00;24;25.4;25.6;24;43.2;10.7;12.9;877.5;1028.9;;1603.8;;7.2;3.2;3.4;216;0;12.2;6.9;25.9;24.8;0;0;387;342;;;;0;;;
ABO;07.09.2026 12:10;24.5;24.6;24.7;24.5;34.4;7.8;10.6;877.6;1029;;1605.2;;7.1;2.4;3.2;200;0;11.5;6.8;25.6;24.5;0;0;349;330;;;;0;;;
ABO;07.09.2026 12:20;23.8;25.7;26;23.8;45.8;11.4;13.5;877.5;1028.9;;1603.6;;4.5;1.2;2.3;131;0;8.3;4.2;16.2;15.1;0;0;495;342;;;;4;;;
ABO;07.09.2026 12:30;24;25.7;25.8;24;42.1;10.3;12.6;877.5;1028.9;;1603.8;;5.4;1.5;1.8;170;0;6.5;5.3;19.4;19.1;0;0;345;310;;;;0;;;
ABO;07.09.2026 12:40;24.7;25.1;25.1;24.7;33.3;7.5;10.4;877.5;1028.9;;1604.5;;5;2.4;2.5;225;0;9;4.7;18;16.9;0;0;367;333;;;;1;;;
ABO;07.09.2026 12:50;24.4;24.6;24.6;24.4;33.3;7.2;10.2;877.5;1028.9;;1604.2;;7.1;3;3.2;216;0;11.5;6.9;25.6;24.8;0;0;328;295;;;;0;;;
ABO;07.09.2026 13:00;24.5;25.1;25.3;24.5;38.4;9.4;11.8;877.5;1028.9;;1604.3;;5.5;2.6;2.9;218;0;10.4;5.4;19.8;19.4;0;0;436;365;;;;1;;;
ABO;07.09.2026 13:10;25;26.6;27;25;37.1;9.3;11.7;877.4;1028.7;;1603.8;;6;3.2;3.4;214;0;12.2;5.7;21.6;20.5;0;0;632;303;;;;7;;;
ABO;07.09.2026 13:20;25.5;28.6;29.3;25.5;33.1;8.1;10.8;877.3;1028.6;;1603.3;;6.1;2.9;3.1;214;0;11.2;5.9;22;21.2;0;0;778;258;;;;10;;;
ABO;07.09.2026 13:30;25.3;29.2;29.8;25.3;32.2;7.5;10.4;877.2;1028.5;;1602.1;;3.3;0.8;1.4;203;0;5;3.2;11.9;11.5;0;0;653;219;;;;10;;;
ABO;07.09.2026 13:40;25.3;27.2;27.6;25.3;33.1;7.9;10.7;877.1;1028.4;;1601.1;;4.5;1.4;1.9;132;0;6.8;4.4;16.2;15.8;0;0;335;228;;;;3;;;
ABO;07.09.2026 13:50;24.6;27.3;27.7;24.6;42.2;10.9;13;877.1;1028.4;;1600.4;;4;1.9;2.1;87;0;7.6;3.6;14.4;13;0;0;659;223;;;;9;;;
ABO;07.09.2026 14:00;24.2;26.9;27.3;24.2;45.2;11.6;13.6;876.9;1028.2;;1598;;5;2.8;2.9;67;0;10.4;4.6;18;16.6;0;0;482;204;;;;8;;;
ABO;07.09.2026 14:10;24.6;27.5;27.9;24.6;49.5;13.3;15.3;876.9;1028.2;;1598.4;;4;2;2.2;62;0;7.9;3.9;14.4;14;0;0;612;206;;;;10;;;
ABO;07.09.2026 14:20;24.5;28;28.7;24.5;47.9;12.7;14.7;876.8;1028.1;;1597.3;;4.5;2;2.2;85;0;7.9;4.4;16.2;15.8;0;0;663;209;;;;10;;;
ABO;07.09.2026 14:30;24;27.8;28.4;24;51.6;13.4;15.4;876.8;1028.1;;1596.8;;3.8;2.6;2.6;61;0;9.4;3.6;13.7;13;0;0;603;188;;;;10;;;
ABO;07.09.2026 14:40;24;28.2;28.8;24;50.6;13.1;15.1;876.7;1027.9;;1595.8;;4.6;3;3;58;0;10.8;4.4;16.6;15.8;0;0;566;170;;;;9;;;
ABO;07.09.2026 14:50;24.7;27;27.4;24.7;47.9;12.9;14.9;876.7;1027.9;;1596.5;;4.2;1.8;2.1;53;0;7.6;3.9;15.1;14;0;0;486;180;;;;7;;;
ABO;07.09.2026 15:00;23.4;25.6;26;23.4;51.9;13;14.9;876.7;1027.9;;1595.2;;4.9;3.4;3.5;77;0;12.6;4.8;17.6;17.3;0;0;320;143;;;;5;;;
ABO;07.09.2026 15:10;23.3;23.8;23.9;23.3;49.5;12.1;14.2;876.7;1027.9;;1595.1;;4.7;2;3.1;53;0;11.2;4.6;16.9;16.6;0;0;252;153;;;;3;;;
ABO;07.09.2026 15:20;23.3;24.1;24.2;23.3;51;12.6;14.6;876.6;1027.8;;1594.1;;3.6;1.4;1.8;266;0;6.5;3.5;13;12.6;0;0;250;141;;;;7;;;
ABO;07.09.2026 15:30;23.9;24.9;25.3;23.9;50.1;12.9;14.9;876.6;1027.8;;1594.7;;4.1;0.5;0.9;286;0;3.2;3.9;14.8;14;0;0;368;134;;;;9;;;
ABO;07.09.2026 15:40;23.4;25.8;26.2;23.4;48;11.8;13.8;876.5;1027.7;;1593.3;;4.8;0.9;2.1;274;0;7.6;4.5;17.3;16.2;0;0;372;130;;;;9;;;
ABO;07.09.2026 15:50;24.8;24.4;24.5;24.8;30.8;6.4;9.6;876.5;1027.7;;1594.6;;5.7;0.7;1.7;107;0;6.1;5.4;20.5;19.4;0;0;170;117;;;;2;;;
ABO;07.09.2026 16:00;22.9;23.3;23.2;22.9;49.1;11.7;13.7;876.5;1027.7;;1592.8;;3.1;0.8;1.5;117;0;5.4;3;11.2;10.8;0;0;148;98;;;;2;;;
ABO;07.09.2026 16:10;22.2;21.4;21.2;22.2;52.5;12;14;876.6;1027.8;;1593.1;;3.9;1.4;1.7;75;0;6.1;3.7;14;13.3;0;0;100;84;;;;0;;;
ABO;07.09.2026 16:20;21.9;20.6;20.4;21.9;54.9;12.4;14.4;876.6;1027.8;;1592.8;;3.8;1.1;1.4;222;0;5;3.7;13.7;13.3;0;0;84;78;;;;0;;;
ABO;07.09.2026 16:30;22.4;20.1;19.8;22.4;48.7;11.1;13.2;876.5;1027.7;;1592.3;;2;0.6;1.1;254;0;4;1.9;7.2;6.8;0;0;73;59;;;;0;;;
ABO;07.09.2026 16:40;22.9;20;19.7;22.9;43.6;9.9;12.2;876.4;1027.6;;1591.8;;1.4;0.5;0.6;218;0;2.2;1.4;5;5;0;0;86;76;;;;0;;;
ABO;07.09.2026 16:50;22.6;19.4;19.1;22.6;43.4;9.5;11.9;876.4;1027.6;;1591.5;;1.6;0.8;1;280;0;3.6;1.6;5.8;5.8;0;0;57;52;;;;0;;;
ABO;07.09.2026 17:00;21.4;19.1;18.7;21.4;54.9;12;14;876.4;1027.6;;1590.3;;4.1;1.1;1.5;49;0;5.4;4;14.8;14.4;0;0;58;50;;;;0;;;
ABO;07.09.2026 17:10;21.1;19.4;19.1;21.1;57.8;12.5;14.5;876.5;1027.7;;1591;;2.8;1;1.2;70;0;4.3;2.6;10.1;9.4;0;0;61;56;;;;0;;;
ABO;07.09.2026 17:20;20.8;18.6;18.3;20.8;58.6;12.4;14.4;876.5;1027.7;;1590.8;;2.5;1;1.3;161;0;4.7;2.3;9;8.3;0;0;37;35;;;;0;;;
ABO;07.09.2026 17:30;20.8;18;17.6;20.8;59.3;12.6;14.6;876.5;1027.7;;1590.8;;2;0.4;1;31;0;3.6;1.9;7.2;6.8;0;0;32;30;;;;0;;;
ABO;07.09.2026 17:40;20.8;18;17.6;20.8;57;12;14;876.6;1027.8;;1591.7;;2.3;0.9;1.1;1;0;4;2.2;8.3;7.9;0;0;24;22;;;;0;;;
ABO;07.09.2026 17:50;19.8;17.3;16.9;19.8;62.5;12.4;14.4;876.6;1027.8;;1590.8;;2.5;1.1;1.2;11;0;4.3;2.4;9;8.6;0;0;17;15;;;;0;;;
ABO;07.09.2026 18:00;20.2;16.7;16.3;20.2;58;11.7;13.7;876.7;1027.9;;1592.1;;1.6;1;1.1;193;0;4;1.6;5.8;5.8;0;0;9;8;;;;0;;;
ABO;07.09.2026 18:10;20.3;16.6;16.1;20.3;53.9;10.7;12.8;876.7;1027.9;;1592.2;;2.3;1.3;1.3;245;0;4.7;2.2;8.3;7.9;0;0;5;4;;;;0;;;
ABO;07.09.2026 18:20;19.6;16.6;16.2;19.6;59.6;11.5;13.6;876.7;1027.9;;1591.6;;2.6;1.5;1.6;220;0;5.8;2.5;9.4;9;0;0;4;3;;;;0;;;
ABO;07.09.2026 18:30;19.9;16.3;15.8;19.9;56.7;11.1;13.2;876.8;1028.1;;1592.8;;1.9;1;1.2;251;0;4.3;1.9;6.8;6.8;0;0;3;2;;;;0;;;
ABO;07.09.2026 18:40;19.7;16.4;15.9;19.7;57.9;11.2;13.3;876.9;1028.2;;1593.6;;2.4;1.3;1.5;262;0;5.4;2.3;8.6;8.3;0;0;3;2;;;;0;;;
ABO;07.09.2026 18:50;19;15.8;15.3;19;60.5;11.2;13.3;876.8;1028.1;;1592;;2;1.2;1.3;292;0;4.7;1.9;7.2;6.8;0;0;2;1;;;;0;;;
ABO;07.09.2026 19:00;19.2;15.2;14.6;19.2;58.2;10.8;12.9;876.8;1028.1;;1592.2;;1.3;0.5;0.5;316;0;1.8;1.3;4.7;4.7;0;0;3;2;;;;0;;;
ABO;07.09.2026 19:10;18.2;14.7;14.2;18.2;63.6;11.2;13.3;876.8;1028.1;;1591.2;;1.1;0.5;0.6;274;0;2.2;1.1;4;4;0;0;3;2;;;;0;;;
ABO;07.09.2026 19:20;18.3;14.3;13.8;18.3;62.9;11.1;13.2;876.8;1028.1;;1591.3;;1.1;0.3;0.4;296;0;1.4;1;4;3.6;0;0;4;3;;;;0;;;
ABO;07.09.2026 19:30;17.8;13.9;13.4;17.8;64.3;11;13.1;876.8;1028.1;;1590.8;;1.4;0.9;0.9;306;0;3.2;1.4;5;5;0;0;3;2;;;;0;;;
ABO;07.09.2026 19:40;18.2;13.7;13.2;18.2;62.6;11;13.1;876.9;1028.2;;1592.2;;0.9;0.2;0.5;252;0;1.8;0.8;3.2;2.9;0;0;3;2;;;;0;;;
ABO;07.09.2026 19:50;17.2;13.6;13.1;17.2;66.3;10.9;13;876.9;1028.2;;1591.2;;1.1;0.2;0.5;269;0;1.8;1.1;4;4;0;0;4;3;;;;0;;;
ABO;07.09.2026 20:00;17.5;13.5;13;17.5;64.7;10.8;12.9;876.8;1028.1;;1590.5;;1;0.2;0.5;295;0;1.8;0.9;3.6;3.2;0;0;4;3;;;;0;;;
ABO;07.09.2026 20:10;18.1;13.5;13.1;18.1;61.7;10.6;12.8;876.8;1028.1;;1591.1;;1.6;1.1;1.2;267;0;4.3;1.6;5.8;5.8;0;0;2;1;;;;0;;;
ABO;07.09.2026 20:20;18.1;13.7;13.1;18.1;61;10.5;12.7;876.7;1027.9;;1590.1;;1.8;0.8;0.9;278;0;3.2;1.7;6.5;6.1;0;0;2;1;;;;0;;;
ABO;07.09.2026 20:30;17.3;13.5;13;17.3;64.5;10.5;12.7;876.7;1027.9;;1589.4;;1.5;0.6;0.8;300;0;2.9;1.4;5.4;5;0;0;2;1;;;;0;;;
ABO;07.09.2026 20:40;17.3;13.2;12.7;17.3;64.6;10.6;12.8;876.7;1027.9;;1589.4;;1.1;0.4;0.5;272;0;1.8;1.1;4;4;0;0;3;2;;;;0;;;
ABO;07.09.2026 20:50;17.2;13.1;12.7;17.2;64.4;10.4;12.6;876.6;1027.8;;1588.3;;1.2;0.5;0.6;317;0;2.2;1.2;4.3;4.3;0;0;4;3;;;;0;;;
ABO;07.09.2026 21:00;16.9;13.1;12.7;16.9;65.7;10.4;12.6;876.6;1027.8;;1588;;1.4;0.6;0.7;254;0;2.5;1.3;5;4.7;0;0;2;1;;;;0;;;
ABO;07.09.2026 21:10;16.8;12.9;12.5;16.8;64.9;10.2;12.4;876.5;1027.7;;1586.9;;1.6;0.7;0.9;299;0;3.2;1.5;5.8;5.4;0;0;3;2;;;;0;;;
ABO;07.09.2026 21:20;16.5;12.8;12.4;16.5;65.6;10;12.3;876.4;1027.6;;1585.7;;1.4;0.2;0.6;215;0;2.2;1.3;5;4.7;0;0;3;2;;;;0;;;
ABO;07.09.2026 21:30;16.4;12.6;12.2;16.4;65.5;9.9;12.2;876.3;1027.5;;1584.6;;1.1;0.3;0.6;267;0;2.2;1;4;3.6;0;0;5;3;;;;0;;;
ABO;07.09.2026 21:40;16.5;12.6;12.2;16.5;64.8;9.9;12.2;876.2;1027.4;;1583.8;;1.4;0.4;0.6;301;;2.2;1.4;5;5;0;0;2;1;;;;0;;;
