id;name_katalog;name_meldung;land;strasse;km;lat_katalog;lon_katalog;lat_meldung;lon_meldung;abstand_km;rundung_km;hoehe_m;korridor
P101;"Kahl";"Kahl";BY;A45x;245;50.084348264;9.035351543;49.20859;10.24814;130.79;0.00;122.053;
P301;"Ensbruecke";"Ensbruecke";BY;A7S;711.7;49.442177454;10.254711331;49.82504;11.0091;69.02;0.01;410.004;
P142;"Wildbach";"Wildbach";BY;A70x;42.4;49.977956062;10.627037963;50.19964;9.93803;54.99;0.00;256.106;
K441;"Daleiden/ Dasburg";"Daleiden/Dasburg";RP;B410;;50.04620277777778;6.147169444444445;50.35718;6.58664;46.63;0.00;382;
P670;"Laabertalbruecke";"Laabertal Bruecke";BY;B15N;31.2;48.73444;12.15806;49.08224;11.90157;42.98;0.00;416;
H273;"Toppmannsbach";"Topmannsbach";NW;A44E;50.2;51.9566;8.5038;52.074;8.25196;21.62;0.07;108;a33
P925;"Vogelwirt";"Stuetzelsaege";BY;B12x;;47.761235;10.440145;47.58705;10.38165;19.86;0.00;856;
K512;"Hinzerath";"Hinzerath";RP;B50;;49.8544;7.164305555555556;49.97043;7.32328;17.21;0.00;567;
P159;"Hirschaid";"Hirschaid";BY;A73x;60;49.918298521;10.843196428;49.82504;11.0091;15.78;0.01;241.432;a73
F053;"Pasewalk Sued";"Pasewalk Sued";BB;A20E;314.5;53.36667;13.96667;53.46878;13.95992;11.36;0.00;35;a20
K502;"Irrel/Zweikreuz";"Irrel-Zweikreuz";RP;B257x;;49.8304278;6.44796667;49.92969;6.45229;11.04;0.00;237;
P214;"Graefenneuses";"Graefenneuses";BY;St2260;;49.79282;10.42728;49.84159;10.30298;10.44;0.00;392;
O455;"Dresden rwy2";"Dresden RWY2 GMA";SN;RWYx;;51.13333;13.9;51.12722;13.75664;10.03;0.00;220;
O454;"Dresden rwy1";"Dresden RWY1 GMA";SN;RWYx;;51.15;13.9;51.13383;13.76569;9.54;0.00;220;
H508;"Moenchengladbach-West";"MG West";NW;A61S;23.9;51.21667;6.5;51.19289;6.37886;8.84;0.00;75;a61-2
J710;"Hardt";"Hardt";SL;B051x;;49.48889;6.60556;49.48833;6.71722;8.07;0.00;257;
H448;"Lichtendorf";"Lichtendorf";NW;A1S;72.4;51.41667;7.6;51.4799;7.61042;7.07;0.01;185;a1
M417;"Talbruecke Nessetal";"Nessetalbruecke";TH;A004W;261.6;50.9789;10.48391;50.96167;10.39028;6.83;0.00;299;
H557;"Dahl";"Dahl";NW;A45S;41.5;51.25;7.6;51.30417;7.55433;6.81;0.00;365;a45
H379;"Lohme-Alme TB";"Lohme-Alme";NW;A33S;11.5;51.61667;8.71667;51.67508;8.71272;6.50;0.00;163;a33
H179;"Bielefelder Berg Tms";"GMA 329,9S";NW;A2E;329.9;51.96667;8.7;51.97372;8.61478;5.89;0.00;205;a2
H453;"AK Hagen";"Hagen";NW;A46E;0.5;51.31667;7.5;51.36867;7.51592;5.89;0.00;160;a46-4
H582;"Graenscheid";"H582";NW;A46W;87.4;51.36092;8.27669;51.36083;8.36019;5.80;0.00;320;a46
E146;"Uthlede";"GMA Uthlede";NI;A27S;104.2;53.30754;8.61864;53.35667;8.59722;5.65;0.00;12;a27
H530;"Grunewald Bruecke";"Grunewaldbr";NW;A59N;17.6;51.36667;6.75;51.41361;6.77136;5.43;0.00;69;a59-2
E745;"Caecilienhoehe";"GMA Caecilienhoehe";NI;A2E;253.7;52.31667;9.46667;52.32343;9.3908;5.21;0.01;122;a2
J816;"Schwarzenholz";"Schwarzenholz";SL;A8W;42.9;49.34167;6.8;49.31938;6.86236;5.15;0.00;274;a8-3
Q444;"Stuttgart rwy4";"Stuttgart RWY4";BW;RWY4x;;48.66667;9.18333;48.6931;9.23911;5.04;0.01;363;
F360;"Finowfurt";"Finowfurt";BB;A11E;30.6;52.85;13.66667;52.81185;13.63245;4.82;0.00;45;a11
Q394;"Agnesburg A";"Agnesburg A";BW;A7N;783.1;48.83333;10.2;48.86924;10.17315;4.45;0.00;620;a7
Q396;"Agnesburg B";"Agnesburg B";BW;A7S;784.6;48.83333;10.2;48.86924;10.17315;4.45;0.00;620;a7
P728;"Flughafen Muenchen";"Flughafen Muenchen";BY;B388ax;;48.293885;11.711193;48.25605;11.70691;4.22;0.00;465;
V069;"Schwedenschanze (BY)";"Schwedenschanze";BY;B 279;;50.42228;9.93621;50.42064;9.99382;4.09;0.00;707;
H266;"H266";"Gütersloh";NW;A2E;351.1;51.854598;8.324234;51.86797;8.37825;4.00;0.00;74;a2
H084;"AS Roedinghausen";"Rödlinghausen";NW;A30W;104.7;52.2;8.41667;52.19746;8.47336;3.87;0.00;75;a30
P419;"Windsbach";"Windsbach";BY;St2220;;49.24323;10.80932;49.24946;10.86167;3.86;0.00;403;
H526;"Neersen";"Neersen1 P";NW;A44W;70.3;51.21667;6.5;51.25019;6.49194;3.77;0.00;40;a44-2
H241;"Ascheberg";"Ascheberg";NW;A1S;295;51.7541;7.6923;51.7652;7.64142;3.71;0.01;71;a1
H326;"Huenxe";"Hünxe";NW;A3S;51.5;51.61667;6.71667;51.64464;6.74064;3.52;0.00;25;a3
H329;"Bottrop AK";"Bottrop";NW;A2E;467;51.58333;6.91667;51.55169;6.91827;3.52;0.00;57;a2
H732;"Worringen";"Worringen P";NW;A57S;104.3;51.01667;6.81667;51.04494;6.83528;3.40;0.00;46;a57
M774;"Moßbach";"Leubsdorf";TH;A009S;211.1;50.68346;11.83119;50.71;11.85194;3.29;0.66;429;a9-2
A795;"Bad Schwartau";"Bad Schwartau A1";SH;A1S;61.1;53.9092;10.6948;53.93015;10.72892;3.23;0.00;10;a1
H327;"Parwicker Bach";"Parwickerbach";NW;A52x;6.3;51.56667;7.03333;51.59544;7.0372;3.21;0.01;55;a52
H949;"Meckenheim AK";"Meckenheim P";NW;A61S;174.8;50.56667;7.01667;50.59431;7.02972;3.21;0.00;200;a61
P255;"Baiersdorf";"Baiersdorf";BY;A73x;128.3;49.684251151;11.055675716;49.65852;11.03714;3.16;0.00;262.581;a73
H371;"Erwitte";"Erwitte";NW;A043x/B55x;;51.60616;8.34034;51.58378;8.3135;3.10;0.01;112;
F515;"Grebs";"Grebs";BB;A2E;12.3;52.31667;12.65;52.34225;12.63206;3.09;0.00;65;a2
N422;"Morsleben";"GMA Morsleben";ST;A2E;125.1;52.21667;11.06667;52.20917;11.10972;3.05;0.00;150;a2
P105;"Weibersbrunn";"Weibersbrunn";BY;A003N;231.5;49.94194;9.34472;49.96152;9.3149;3.05;0.01;439;
F528;"Beelitz-Heilstaetten";"Beelitz";BB;A9S;3.9;52.283477;12.908422;52.25617;12.90889;3.04;0.00;70;a9-2
L917;"Gernsheim";"Gernsheim";HE;A067S;41.9;49.74333;8.54361;49.71667;8.55;3.00;0.66;92;a67
H726;"Bergheim";"Bergheim1 P";NW;A61S;59.8;50.91667;6.61667;50.94303;6.62567;3.00;0.00;71;a61-3
H451;"Rhynern";"Rhynern";NW;A2x;396.4;51.61667;7.86667;51.63825;7.8915;2.95;0.01;60;a2
H472;"Oerlinghausen";"Oerlinghausen";NW;L751S;52;51.93333;8.65;51.95944;8.65431;2.92;0.00;200;
P110;"Holzkirchhausen";"Holzkirchhausen";BY;WÜ59;;49.75504;9.66202;49.75504;9.62213;2.87;0.00;334;
H933;"Wisskirchen";"Wisskirch P";NW;A1S;459;50.61667;6.71667;50.64206;6.72175;2.85;0.00;211;a1
H821;"Rurbruecke Dueren";"Düren1 P";NW;A4E;30.9;50.81667;6.41667;50.83642;6.44239;2.84;0.00;110;a4-2
H553;"Brunsbecke TB";"Brunsbecke";NW;A45S;38.5;51.31667;7.56667;51.32776;7.52981;2.84;0.00;320;a45
N793;"Zoerbig";"GMA Zoerbig";ST;A9S;94.8;51.6;12.18333;51.62427;12.192;2.76;0.07;97;a9-2
H201;"Elten";"Elten1 P";NW;A3S;4.6;51.86667;6.16667;51.87006;6.20514;2.67;0.00;20;a3
H427;"H427";"MH-Heißen";NW;A40E;53.6;51.41667;6.95;51.43603;6.92914;2.59;0.00;100;a40
H422;"AK Oberhausen";"AK OB";NW;A516S;65.6;51.51667;6.81667;51.53739;6.83381;2.59;0.00;55;a3
H852;"BB Muelheim";"Dellbrück";NW;A3S;132.6;50.9899;7.0128;50.96947;7.03057;2.59;0.00;55;a3
H538;"ueF A44/A52";"ÜF A44/A52";NW;A44E;96.8;51.26667;6.8;51.28944;6.80153;2.53;0.00;40;a44-2
H730;"Rodenkirchen";"Rodenkirchen P";NW;A4W;75.3;50.88333;6.96667;50.89967;6.99083;2.48;0.00;40;a4-2
H049;"Heek (B70)";"Heek";NW;A31S;65.4;52.1;7.06667;52.11861;7.08639;2.47;0.00;60;a31
E674;"Hannover-Nord";"GMA Hannover-Nord";NI;A7S;123.8;52.53333;9.8;52.55478;9.79237;2.44;0.00;41;a7
P488;"Waldmann";"Waldmann";BY;St2132;;49.02839;13.125;49.0285;13.15837;2.43;0.01;694;
N700;"Thyratal";"GMA Thyratalbruecke";ST;A38x;90.6;51.47083;10.99944;51.46782;10.96523;2.39;0.00;190;a38
H062;"Mittellandkanal";"Mittellandkanal";NW;A30N;41.4;52.26667;7.6;52.28775;7.60689;2.39;0.00;60;a30
O329;"Doebeln-Nord";"Döbeln Nord";SN;A14E;28.6;51.16667;13.03333;51.17702;13.00332;2.39;0.00;250;a14
H659;"Meinerzhagen";"Meinerzhagen";NW;A45S;73;51.06667;7.66667;51.07636;7.697;2.38;0.07;485;a45
H555;"Suerenhagen TB";"Suerenhagen";NW;A45S;40.7;51.3;7.58333;51.31121;7.55474;2.35;0.00;366;a45
F843;"Calau";"Calau";BB;A13N;75.5;51.71667;13.86667;51.73725;13.86699;2.29;0.00;97;a13
H409;"Wachtendonk";"Wachtendonk";NW;A40x;10.9;51.41667;6.36667;51.39617;6.36492;2.28;0.00;50;
H488;"Diemelstadt";"Diemelstadt";NW;A44W;51.5;51.48333;8.98333;51.50281;8.97564;2.23;0.00;225;a44
O620;"Gloesa";"Glösa";SN;A4W;;50.890309;12.936269;50.876;12.914;2.23;0.07;341;a4
H426;"H426";"E Ost1 P";NW;A40x;61.9;51.46667;7.01667;51.45444;7.04197;2.22;0.00;103;a40
H458;"Blumenthaler Graben";"Blumenthalergr";NW;A44x;138.4;51.51667;7.91667;51.53617;7.92314;2.21;0.00;130;a44
F758;"Luebbenau";"Luebbenau";BB;A15S;3;51.81667;13.96667;51.83642;13.96447;2.20;0.00;65;a15
L465;"Eifa";"Eifa";HE;B253x;2.5;50.96667;8.58333;50.95;8.56667;2.19;0.66;438;
L225;"Hessensteinkurve";"Hessensteinkurve";HE;B252X;3.3;51.11667;8.88333;51.1;8.86667;2.19;6.56;230;
L284;"Eschwege (gsm)";"Eschwege";HE;B452x;2.5;51.16667;10.01667;51.18333;10.03333;2.19;0.00;235;
H302;"Grenze/Goch";"Goch";NW;A57S;1.4;51.66667;6.08333;51.67397;6.05417;2.17;0.00;16;
C501;"Bergedorfer Straße";"Bergedorfer Strasse";HH;xxxx;;53.51;10.17;53.50288;10.13958;2.16;0.00;29;
C502;"Jahnring";"Jahnring";HH;xxxx;;53.586;10.002;53.60039;10.02396;2.16;0.00;14;
H097;"Steinegge-Exter TB";"Steinegge-Exter";NW;A2E;303.8;52.14308;8.78335;52.15442;8.80828;2.12;0.00;201;a2
H741;"RB Lev";"RB Lev P";NW;A1S;406.5;51.01667;6.96667;51.03544;6.96292;2.10;0.00;40;a1
H228;"Kaltenbach";"Kalterbach";NW;A31S;26.5;51.76667;6.95;51.78222;6.967;2.09;0.07;64;a31
L474;"Rimberg";"Rimberg";HE;A005N;377.1;50.78333;9.46667;50.8;9.48;2.08;6.58;490;a5
F233;"Netzeband";"Netzeband";BB;A24W;193.4;52.96667;12.61667;52.98525;12.61728;2.07;0.00;49;a24
H881;"Schloss Roetgen R+T";"Schloß-Röttgen1 P";NW;A59S;9.6;50.88333;7.06667;50.89889;7.08233;2.05;0.00;49;a59
H531;"Stockweg";"Stockweg";NW;A3N;86.7;51.35;6.81667;51.36708;6.8275;2.04;0.01;51;a3
H969;"Bad Honnef AS";"B.Honnef1 P";NW;A3N;41;50.63333;7.31667;50.64842;7.33283;2.03;0.00;312;a3
H232;"H232";"Darup";NW;B67X;1.2;51.91667;7.26667;51.93225;7.28158;2.01;0.00;155;
H470;"Westerschledde TB";"Westerschledde";NW;A44E;89.3;51.58333;8.45;51.59244;8.47403;1.94;0.00;188;a44
H844;"Bruehl";"Brühl1 P";NW;A553S;5.3;50.78333;6.86667;50.79772;6.88203;1.93;0.00;80;a553
H442;"Wambeln";"Wambel";NW;B236x;9.5;51.51667;7.51667;51.5339;7.51845;1.92;0.01;75;
N397;"Ziesar";"GMA Ziesar";ST;A2W;43.1;52.23333;12.26667;52.24944;12.25694;1.91;0.00;71;a2
H885;"Kalteiche";"Kalteiche";NW;A45S;124.3;50.76667;8.13333;50.78172;8.14625;1.90;0.00;485;a45
H433;"Stahlhausen";"Stahlhausen";NW;A40E;3.9;51.46667;7.15;51.47925;7.16806;1.88;0.00;75;
H523;"Schoenwasserpark-Bruecke";"Schönwasserpark";NW;A57S;65.5;51.31667;6.61667;51.33217;6.62728;1.87;0.00;30;a57
H660;"Bremecke TB";"Bremecke";NW;A45S;57.1;51.21667;7.66667;51.20094;7.67589;1.86;0.00;425;a45
L102;"Willingen";"Willingen";HE;B251x;2.4;51.28333;8.63333;51.26667;8.63333;1.85;0.00;522;
H882;"Siegtalbruecke";"Siegtalbr";NW;A45S;109.6;50.85;7.96667;50.84506;7.99169;1.84;0.00;320;a45
H439;"Martenerbruecke";"Marten";NW;A45x;9.2;51.51667;7.36667;51.5089;7.38994;1.83;0.01;85;a45
H549;"TB Rutenbeck";"Rutenbeck P";NW;L418S;0.5;51.21667;7.08333;51.23048;7.09751;1.83;0.00;135;a46-2
H267;"Beckum";"Beckum";NW;A2E;376;51.76667;8.05;51.78144;8.03981;1.79;0.00;142;a2
F618;"Flaeming";"Flaeming";BB;A9N;38.2;52.01667;12.6;52.03158;12.60956;1.78;0.00;110;a9-2
L985;"Beerfelden";"Beerfelden";HE;B045x;0.2;49.565972;8.985081;49.55;8.98333;1.78;0.66;403;
B822;"AD Schwerin";"GMA Kabelhaus Ludwig";MV;A24W;100.5;53.42389;11.52056;53.43038;11.49604;1.78;0.00;30;a24
H580;"Fulmecke TB";"Fulmecke";NW;A46E;81.3;51.35;8.26667;51.36372;8.27954;1.77;0.00;326;a46
H507;"Boisheim";"Boisheim";NW;A61S;10.8;51.26667;6.31667;51.27825;6.29936;1.76;0.00;58;a61-2
L840;"Opelrondell";"Opelrondell";HE;A648W;98;50.11667;8.61667;50.13;8.63;1.76;0.66;102;a648
H754;"Engelskirchen";"Engelsk1 P";NW;A4W;113.5;50.96667;7.4;50.98222;7.40031;1.73;0.00;222;a4-3
H640;"Haan-Ost";"Haan-O1 P";NW;A46W;94;51.21667;7.01667;51.20786;7.03681;1.71;0.00;204;a46-2
H331;"Haltern";"Haltern";NW;A43N;51;51.7;7.15;51.71492;7.15131;1.66;0.00;55;
Q984;"HerfatzTunnel Nord";"Tunnel Ri. Li";BW;A96S;20.9;47.7;9.8;47.71075;9.81534;1.66;0.00;590;a96
O459;"Zellwald";"Siebenlehn";SN;A4W;37.5;51.01667;13.26667;51.03125;13.2714;1.65;0.01;229;a4
H560;"Iserlohn-West";"Iserlohn";NW;A46S;10.8;51.36667;7.66667;51.38114;7.666;1.61;0.07;240;a46-4
H172;"Bielef. Berg West Tms";"GMA 331,9S";NW;A2E;331.9;51.95;8.58333;51.9635;8.59136;1.60;0.01;175;a2
H887;"F.E. Bruecke";"FE-Brücke P";NW;A565S;3;50.76667;7.08333;50.75667;7.0995;1.59;0.01;50;a565
C309;"HH-Suedwest";"AD Suedwest A7";HH;A261N;1;53.45;9.9225;53.43591;9.9264;1.59;0.01;75;a261
H449;"Siddinghauser Weg";"Siddingh Weg";NW;A44x;138.4;51.51667;7.76667;51.5245;7.78554;1.57;0.01;160;a44
L962;"Heppenheim (Landesgrenze)";"Landesgrenze BaWue";HE;A005x;548.6;49.616262;8.624701;49.63;8.62;1.56;0.66;95;a5
H546;"Elberfeld";"Elberfeld P";NW;A46W;107.2;51.270264;7.151772;51.27647;7.17194;1.56;0.00;195;a46-2
P779;"Schwabstadl";"Schwabstadl";BY;St2027;;48.15045;10.86881;48.14925;10.88972;1.56;0.00;555;
K324;"Dockweiler";"Dockweiler";RP;B421x;;50.248683;6.795372;50.25961;6.78216;1.54;0.00;595;
O325;"Doebeln-Ost";"Döbeln Ost";SN;A14E;15.2;51.1;13.16667;51.1113;13.17845;1.50;0.01;270;a14
L818;"Schiersteiner Bruecke";"Schiersteiner Br.";HE;A643x;196.4;50.01667;8.21667;50.03;8.22;1.50;0.66;90;a643
D001;"Meyenburg";"GMA Meyenburg";HB;A27N;94.6;53.26667;8.61667;53.27387;8.6357;1.50;0.01;13;a27
H636;"Langenfeld AK";"Langenfeld1 P";NW;A3S;118.4;51.11667;6.96667;51.11203;6.98661;1.48;0.00;107;a3
H720;"Buir";"Buir";NW;A4W;42.8;50.8639;6.5757;50.87056;6.59361;1.46;0.00;106;a4-2
F136;"Karstedtshof";"Karstedthof";BB;A24W;177.5;53.1;12.46667;53.10242;12.48811;1.46;0.00;70;a24
H765;"Wiehltalbruecke";"Wiehltalbr. P";NW;A4W;119.8;50.96667;7.46667;50.97444;7.48337;1.45;0.00;220;a4-3
J847;"Waldmohr";"Waldmohr";SL;A6W;651.9;49.36667;7.31667;49.35624;7.32853;1.44;0.00;264;a6
E926;"Parensen";"GMA Parensen";NI;A7N;257.5;51.61667;9.91667;51.60567;9.90569;1.44;0.00;136;a7
H435;"Gelsenkirchen";"GE A40";NW;A40W;6.7;51.46667;7.08333;51.47147;7.10244;1.43;0.00;84;a40
H715;"Rurbruecke Juelich";"Jülich";NW;A44W;31;50.95;6.35;50.93811;6.34236;1.43;0.00;30;a44-3
H532;"Mintarder Bruecke";"Mintarderbr1";NW;A52W;69.7;51.36667;6.9;51.3794;6.90153;1.42;0.01;100;a52-3
H735;"Koeln-Ost AK";"AK K-Ost P";NW;A3S;137.2;50.95;7.01667;50.953;7.03625;1.41;0.07;50;a3
H454;"Luener Bach TB";"Lüner Bach";NW;A44W;141.3;51.51667;7.75;51.5287;7.74422;1.40;0.01;135;a44
L832;"Westhafen";"Westhafen";HE;A005S;494.3;50.08758;8.617624;50.1;8.62;1.39;6.61;104;a5
Q983;"Herfatz Tunnel Sued";"Tunnel Ri. Mue";BW;A96N;20.5;47.7;9.8142;47.71151;9.82086;1.37;0.00;577;a96
N760;"Pappelgrund";"GMA PWC Pappelgrund";ST;A143x;6.8;51.46556;11.85778;51.47661;11.84895;1.37;0.00;128;a143
Q892;"Altmannshofen";"Altmannshofen";BW;A96N;45.8;47.87809;10.03569;47.86967;10.02247;1.36;0.00;657;a96
O252;"Schoenborn";"Schönborn";SN;A13S;129;51.31667;13.71667;51.32878;13.71852;1.35;0.00;174;a13
H742;"Leverkusen AK";"AK Lev1 P";NW;A1S;402.7;51.03333;7.01667;51.04547;7.01706;1.35;0.00;50;a1
H328;"Marl";"Marl";NW;A52x;11.4;51.63333;7.01667;51.64081;7.03206;1.35;0.00;30;a52
H441;"H441";"DO-N/O";NW;B236x;4.2;51.56667;7.5;51.5782;7.49424;1.34;0.01;75;
J829;"Huehnerfeld";"Hühnerfeld";SL;A623S;8.7;49.3;7.03333;49.3033;7.05057;1.30;0.01;320;a623
E719;"Hankenberg/Talbruecke";"GMA Hankenberg Talbr";NI;A33S;79.7;52.16667;8.16667;52.15599;8.15924;1.29;0.00;180;a33
H445;"Schnettkerbruecke";"Schnettkerbr.";NW;B1x;24.1;51.5;7.41667;51.49778;7.43444;1.25;0.00;104;
H088;"Buende-Ost";"Bünde";NW;A30E;90.2;52.18333;8.61667;52.17764;8.60089;1.25;0.00;80;a30
E963;"Werratalbruecke";"GMA Werratalbruecke";NI;A7E;290;51.41667;9.71667;51.40573;9.71741;1.22;0.00;180;a7
E264;"Sittensen";"GMA Sittensen";NI;A1N;53.2;53.28333;9.51667;53.29389;9.51194;1.22;0.00;35;a1
L606;"Lahntalbruecke";"Lahntalbruecke";HE;A003S;108.1;50.38333;8.06667;50.39;8.08;1.20;0.66;165;a3
A950;"Moelln";"Moelln B207";SH;B207N;0.9;53.629337;10.671118;53.62;10.68;1.19;0.65;21;
J722;"Soetern";"Sötern";SL;A62E;163.9;49.6;7.01667;49.59002;7.02219;1.18;0.00;481;a62
H234;"Duelmen";"Dülmen";NW;A43S;67.3;51.83333;7.23333;51.83933;7.24743;1.18;0.00;70;a43
H864;"Hennef";"Hennef1 P";NW;A560W;11.7;50.7708;7.3086;50.77756;7.29633;1.14;0.00;71;a560
L536;"Reiskirchen";"Reiskirchen";HE;A005N;433;50.6;8.81667;50.61;8.82;1.14;0.66;220;a5
H571;"Wannebach TB";"Wannebach";NW;A46N;61.7;51.41667;8.05;51.42636;8.05517;1.14;0.00;216;a46
O554;"Possendorf";"Possendorf";SN;B170;;50.95;13.7;50.96002;13.70246;1.13;0.00;384;
H418;"Niepkanal-Bruecke";"Niepkanal";NW;A40x;23;51.41667;6.51667;51.42653;6.51292;1.13;0.00;30;
E237;"Nordkreuz";"GMA Nordkreuz";NI;A293N;6.7;53.21667;8.21667;53.20694;8.22111;1.12;0.00;17;a293
H858;"Bonn-Ost";"BN-Ost1 P";NW;A59S;31.3;50.71667;7.16667;50.72611;7.16133;1.11;0.00;120;a59
L827;"Hochheimer Bruecke";"Hochheimer Bruecke";HE;A671S;2.4;50;8.35;50.01;8.35;1.11;0.66;104;a671
L142;"Hoofer Berg";"Hoofer Berg";HE;A044x;12;51.290032;9.358921;51.3;9.36;1.11;6.56;362;a44
C315;"Suederelbe";"Suederelbe II A1";HH;A1S;156.4;53.46667;10.01667;53.47606;10.02233;1.11;0.00;13;a1
L542;"Homberg/Ohm";"Homberg";HE;A005S;418.7;50.643203;8.98866;50.65;9;1.10;65.84;330;a5
H774;"Reichshof";"Reichshof";NW;A4W;139.4;50.98333;7.75;50.97381;7.74728;1.08;0.00;460;a4-3
H554;"Nahmer";"Nahmer";NW;A45S;40.2;51.31667;7.56667;51.31535;7.55144;1.07;0.00;360;a45
H447;"Romberg Holz TB";"Romberg Holz";NW;A45S;20.2;51.43333;7.46667;51.44228;7.47194;1.06;0.00;200;a45
E132;"Wilhelmshaven";"GMA Wilhelmshaven";NI;A29N;90.5;53.56389;8.06667;53.56111;8.08194;1.05;0.00;3;a29
D995;"Bremer Kreuz";"GMA Bremer Kreuz";HB;A27S;56.3;53.03647;8.99219;53.04307;8.98087;1.05;0.00;13;a27
O453;"Kaditz";"Kaditz";SN;A4W;8.2;51.06667;13.66667;51.0742;13.67582;1.05;0.01;118;a4
E713;"Osnabrueck";"GMA Osnabrueck";NI;A1N;222.8;52.31667;7.96667;52.32611;7.96611;1.05;0.00;62;a1
H006;"Rheine (Dek-Bruecke)";"Rheine";NW;A30W;31.1;52.31667;7.45;52.31347;7.46444;1.04;0.00;43;a30
F122;"Rapshagen";"Rapshagen";BB;A24W;154.3;53.21667;12.21667;53.22364;12.22703;1.04;0.00;112;a24
L852;"Mainbruecke Steinheim";"Mainbr. Steinheim";HE;B43Ax;606.4;50.10833;8.92306;50.1;8.91667;1.03;6.61;107;
H338;"Recklinghausen";"Recklinghausen";NW;A43N;38.7;51.6;7.16667;51.60684;7.17667;1.03;0.00;80;
E108;"Emden-Nord";"GMA Emden Nord";NI;A31S;29.1;53.38333;7.21667;53.38611;7.23111;1.01;0.00;1;a31
E217;"Filsum";"GMA Filsum";NI;A28E;30.5;53.26667;7.58333;53.25818;7.5884;1.00;0.01;2;a28
